City_ID,City,Lat,Lng,Max Temp,Humidity,Cloudiness,Wind Speed,Country,Date
0,port-aux-francais,-49.35,70.2167,1.4,90,99,6.73,TF,1696089998
1,greymouth,-42.4667,171.2,9.07,82,100,5.63,NZ,1696090161
2,bikenibeu village,1.3673,173.1241,26.98,83,75,1.54,KI,1696090018
3,port mathurin,-19.6833,63.4167,23.16,80,76,10.73,MU,1696090013
4,grytviken,-54.2811,-36.5092,2.45,92,27,4.24,GS,1696090005
5,lerwick,60.1545,-1.1494,11.0,73,90,3.4,GB,1696090079
6,lluta,-16.0147,-72.0142,18.59,29,94,4.96,PE,1696090171
7,taghazout,30.5426,-9.7112,34.43,37,75,4.34,MA,1696090171
8,salinas,36.6777,-121.6555,16.34,94,100,4.12,US,1696090057
9,hammerfest,70.6634,23.6821,8.25,93,100,3.6,NO,1696090043
10,tynda,55.1667,124.7167,2.12,79,22,1.44,RU,1696090172
11,adamstown,-25.066,-130.1015,20.58,88,100,12.23,PN,1696090011
12,utrik,11.2278,169.8474,28.02,80,95,5.79,MH,1696090035
13,fale old settlement,-9.3852,-171.2468,28.23,74,53,2.24,TK,1696090059
14,rio grande,-32.035,-52.0986,16.06,76,100,6.59,BR,1696090140
15,whitehorse,60.7161,-135.0538,3.78,95,75,1.03,CA,1696090003
16,puerto natales,-51.7236,-72.4875,14.25,26,75,6.17,CL,1696090023
17,klyuchi,52.2667,79.1667,11.16,61,100,2.9,RU,1696090027
18,ushuaia,-54.8,-68.3,13.81,28,0,1.03,AR,1696089941
19,ilulissat,69.2167,-51.1,0.01,59,75,3.6,GL,1696090019
20,nova sintra,14.8667,-24.7167,23.89,80,36,4.47,CV,1696090047
21,jamestown,42.097,-79.2353,19.45,93,100,2.06,US,1696090028
22,iqaluit,63.7506,-68.5145,1.85,100,100,8.75,CA,1696089860
23,west bay,19.3667,-81.4167,32.81,76,18,0.45,KY,1696090175
24,miguel ahumada,30.6167,-106.5167,26.73,33,96,3.89,MX,1696090175
25,mount pearl,47.5166,-52.7813,15.96,78,9,2.24,CA,1696090057
26,lancaster,40.2504,-76.2499,22.66,78,100,4.12,US,1696090176
27,longyearbyen,78.2186,15.6401,-3.09,63,40,7.72,SJ,1696089881
28,avarua,-21.2078,-159.775,24.03,94,75,4.63,CK,1696090030
29,callao,-12.0667,-77.15,22.07,77,100,3.09,PE,1696090176
30,khandyga,62.6667,135.6,-1.54,62,12,0.51,RU,1696090177
31,chamical,-30.36,-66.314,22.08,27,0,6.15,AR,1696090177
32,hermanus,-34.4187,19.2345,14.95,66,12,4.47,ZA,1696090031
33,port elizabeth,-33.918,25.5701,15.05,79,100,3.58,ZA,1696090010
34,hawaiian paradise park,19.5933,-154.9731,23.35,96,75,2.06,US,1696089999
35,itoman,26.1247,127.6694,28.01,92,40,3.6,JP,1696090178
36,escanaba,45.7453,-87.0646,18.17,100,40,3.6,US,1696090178
37,makarov,48.6333,142.8,12.13,76,86,3.01,RU,1696090179
38,weno,7.4515,151.8468,26.97,83,100,0.0,FM,1696090179
39,taroa,8.7058,171.2275,27.54,73,96,2.23,MH,1696090179
40,waitangi,-43.9535,-176.5597,8.43,61,79,15.02,NZ,1696090005
41,polyarnyy,69.1989,33.4478,8.03,91,100,3.91,RU,1696090074
42,ponta delgada,37.7333,-25.6667,22.33,88,75,5.66,PT,1696090180
43,waspan,14.7419,-83.9717,29.6,77,32,1.32,NI,1696090119
44,udachny,66.4167,112.4,2.45,98,100,2.26,RU,1696090014
45,richards bay,-28.783,32.0377,22.05,79,24,10.48,ZA,1696090070
46,kununurra,-15.7667,128.7333,22.99,78,82,2.06,AU,1696089972
47,pokrovsk,48.282,37.1758,20.19,36,5,3.77,UA,1696090182
48,nobres,-14.7203,-56.3275,38.83,32,13,0.17,BR,1696090182
49,albany,42.6001,-73.9662,16.85,94,100,0.45,US,1696090029
50,punta arenas,-53.15,-70.9167,8.06,61,0,5.14,CL,1696089945
51,mtskheta,41.8451,44.7188,20.05,65,56,1.13,GE,1696090183
52,price,39.5994,-110.8107,20.62,19,0,3.09,US,1696090183
53,west island,-12.1568,96.8225,25.99,78,100,7.2,CC,1696090025
54,sao vicente,-23.9631,-46.3919,30.71,69,100,2.06,BR,1696089761
55,bredasdorp,-34.5322,20.0403,14.0,66,16,4.93,ZA,1696090052
56,uturoa,-16.7333,-151.4333,25.88,79,19,8.8,PF,1696090073
57,fort st. john,56.2499,-120.8529,3.94,100,100,2.06,CA,1696089907
58,new norfolk,-42.7826,147.0587,14.4,58,97,1.37,AU,1696090114
59,mthatha,-31.5889,28.7844,14.95,77,45,4.68,ZA,1696090185
60,nadym,65.5333,72.5167,2.06,68,100,5.05,RU,1696090155
61,dudinka,69.4058,86.1778,-8.51,91,11,5.36,RU,1696090049
62,papatowai,-46.5619,169.4708,7.02,70,95,5.45,NZ,1696090038
63,hamilton,39.1834,-84.5333,25.89,72,0,2.57,US,1696089930
64,yaren,-0.5472,166.916,27.61,81,100,5.59,NR,1696090186
65,argo,37.6333,22.7333,22.66,55,100,1.59,GR,1696090062
66,bardai,11.65,7.2333,24.87,71,98,2.27,NG,1696090017
67,yellowknife,62.456,-114.3525,3.42,52,92,1.53,CA,1696090004
68,carbonear,47.7332,-53.2148,16.67,80,7,1.56,CA,1696090077
69,invercargill,-46.4,168.35,6.12,78,97,1.79,NZ,1696090032
70,margaret river,-33.95,115.0667,14.7,67,81,6.0,AU,1696089826
71,kayangel,8.0823,134.7173,27.91,83,100,8.16,PW,1696090089
72,ciudad lazaro cardenas,17.9583,-102.2,30.21,71,56,0.67,MX,1696090095
73,ust-nera,64.5667,143.2,-3.83,64,18,2.51,RU,1696090002
74,hirara,24.8,125.2833,28.19,83,5,6.93,JP,1696090188
75,hyannis,41.6529,-70.2828,17.05,97,100,4.63,US,1696090135
76,rapar,23.5667,70.6333,31.35,47,10,0.94,IN,1696090189
77,bilibino,68.0546,166.4372,-6.69,97,100,2.41,RU,1696089998
78,burao,9.5221,45.5336,29.12,35,77,8.27,SO,1696090189
79,sinabang,2.4803,96.3801,26.85,86,78,3.0,ID,1696090034
80,brisas de zicatela,15.8369,-97.0419,31.29,62,75,1.54,MX,1696090110
81,nemuro,43.3236,145.575,17.25,78,100,6.31,JP,1696090043
82,vanimo,-2.6741,141.3028,25.77,90,58,3.37,PG,1696090002
83,najran,17.4924,44.1277,27.56,15,5,2.53,SA,1696090191
84,qaqortoq,60.7167,-46.0333,3.29,79,88,1.1,GL,1696090040
85,kirensk,57.7853,108.1119,5.57,96,96,1.79,RU,1696090191
86,ribeira grande,38.5167,-28.7,23.76,68,20,4.12,PT,1696090014
87,georgetown,5.4112,100.3354,27.19,89,20,0.0,MY,1696090021
88,chibougamau,49.9168,-74.3659,18.57,48,98,4.23,CA,1696090109
89,kamina,-8.7386,24.9906,27.12,50,72,2.88,CD,1696090192
90,san antonio de pale,-1.4014,5.6325,25.25,84,96,6.35,GQ,1696090107
91,edinburgh of the seven seas,-37.0676,-12.3116,10.17,88,99,21.78,SH,1696090015
92,pisco,-13.7,-76.2167,20.03,77,100,3.6,PE,1696090117
93,touros,-5.1989,-35.4608,29.5,54,15,8.84,BR,1696090156
94,pauini,-7.7136,-66.9764,37.42,36,71,2.16,BR,1696090193
95,iwo,7.6333,4.1833,28.82,71,64,0.83,NG,1696090193
96,moyale,3.5167,39.0584,27.17,41,98,5.44,KE,1696090194
97,thompson,55.7435,-97.8558,10.09,100,100,1.54,CA,1696090006
98,alderetes,-26.8167,-65.1333,24.41,26,3,2.87,AR,1696090194
99,illizi,26.4833,8.4667,34.86,16,8,6.17,DZ,1696090080
100,cannonvale,-20.2833,148.7,21.66,69,73,5.06,AU,1696090195
101,kodiak,57.79,-152.4072,7.73,100,100,8.23,US,1696090006
102,phan rang-thap cham,11.5667,108.9833,25.08,92,98,1.73,VN,1696090195
103,alice springs,-23.7,133.8833,19.75,26,44,3.09,AU,1696090124
104,colonia,50.9333,6.95,19.38,64,0,1.54,DE,1696090046
105,san isidro de curuguaty,-24.5167,-55.7,24.92,52,100,0.76,PY,1696090196
106,college,64.8569,-147.8028,1.0,85,20,4.12,US,1696090072
107,olonkinbyen,70.9221,-8.7187,1.34,71,99,4.51,SJ,1696090005
108,chonchi,-42.6128,-73.8092,15.56,58,100,0.48,CL,1696089998
109,at taj,24.2049,23.2857,32.61,23,89,8.05,LY,1696090197
110,sola,-13.8833,167.55,24.67,72,95,11.57,VU,1696090197
111,badger,64.8,-147.5333,0.95,85,0,4.12,US,1696090016
112,taulaga,-11.0553,-171.0883,27.45,80,17,4.8,AS,1696090198
113,richfield,44.8833,-93.283,26.34,79,40,2.57,US,1696090198
114,antalaha,-14.9003,50.2788,22.31,87,7,3.51,MG,1696090198
115,alaghsas,17.0187,8.0168,37.26,21,95,7.33,NE,1696090108
116,east london,-33.0153,27.9116,16.47,76,100,13.96,ZA,1696090074
117,wailua homesteads,22.0669,-159.378,24.44,90,20,4.12,US,1696090012
118,xiangyang,32.0422,112.1448,21.1,71,100,2.16,CN,1696090150
119,bela,25.9333,81.9833,29.31,59,43,2.19,IN,1696090200
120,gadzhiyevo,69.2551,33.3362,7.85,90,100,3.97,RU,1696090077
121,narasannapeta,18.4167,84.05,27.98,82,100,2.08,IN,1696090200
122,saint-denis,48.9167,2.3333,24.02,59,20,3.09,FR,1696090200
123,vigan,17.5747,120.3869,27.12,87,99,1.22,PH,1696090201
124,jimenez,28.3333,-105.4,27.8,31,28,4.04,MX,1696090201
125,fauske,67.2588,15.3918,11.02,92,94,1.21,NO,1696090201
126,egilsstadir,65.2653,-14.3948,6.66,73,91,1.97,IS,1696090123
127,bethel,41.3712,-73.414,15.58,88,100,3.16,US,1696090004
128,savanna-la-mar,18.219,-78.1332,32.18,56,25,1.37,JM,1696090202
129,san clemente del tuyu,-36.3569,-56.7235,13.49,53,8,4.57,AR,1696090202
130,sandnessjoen,66.0217,12.6316,10.29,95,96,5.7,NO,1696090052
131,kudymkar,59.0173,54.656,10.35,80,99,3.25,RU,1696090203
132,aasiaat,68.7098,-52.8699,-2.18,82,81,3.98,GL,1696090040
133,chilaw,7.5758,79.7953,24.01,80,96,6.84,LK,1696090204
134,krymsk,44.9293,37.9912,21.97,39,20,3.09,RU,1696090204
135,ivdel',60.6911,60.4206,5.9,79,83,2.41,RU,1696090204
136,nogliki,51.8333,143.1667,7.87,92,39,1.91,RU,1696090205
137,port saint john's,-31.6229,29.5448,19.24,78,88,10.18,ZA,1696090205
138,san patricio,28.017,-97.5169,31.59,54,5,5.6,US,1696090066
139,anadyr,64.75,177.4833,-0.72,80,0,8.0,RU,1696090024
140,serenje,-13.2325,30.2352,25.78,28,98,2.09,ZM,1696090206
141,smithers,54.7804,-127.1743,5.86,80,38,0.77,CA,1696090120
142,torghay,49.6339,63.4981,16.03,49,100,2.49,KZ,1696090060
143,shantou,23.3681,116.7148,26.96,79,0,1.56,CN,1696090207
144,yangquan,37.8575,113.5633,13.68,41,0,1.01,CN,1696090207
145,yung shue wan,22.2333,114.1167,29.26,83,0,0.45,HK,1696090208
146,northam,51.0333,-4.2167,19.25,90,90,9.2,GB,1696090208
147,ta`u,-14.2336,-169.5144,26.67,81,17,5.19,AS,1696090208
148,saldanha,-33.0117,17.9442,14.93,69,0,5.74,ZA,1696090208
149,saint-pierre,-21.3393,55.4781,23.82,83,20,2.57,RE,1696090066
150,pine bluff,34.2284,-92.0032,31.16,44,0,2.57,US,1696090209
151,pingdu,36.7844,119.9464,14.98,58,21,2.78,CN,1696090209
152,saint-pol-de-leon,48.6833,-3.9833,22.35,68,75,3.6,FR,1696090209
153,zhangye,38.9342,100.4517,17.36,44,77,0.58,CN,1696090210
154,maqat,47.65,53.3167,20.21,43,54,3.92,KZ,1696090210
155,puerto el triunfo,13.2833,-88.55,30.79,68,62,1.45,SV,1696090210
156,tiksi,71.6872,128.8694,-1.85,91,100,4.41,RU,1696090024
157,st. john's,47.5649,-52.7093,16.42,76,20,5.14,CA,1696089840
158,codrington,-38.2667,141.9667,21.22,22,100,9.35,AU,1696090050
159,ancud,-41.8697,-73.8203,11.21,71,100,2.12,CL,1696090012
160,sur,22.5667,59.5289,29.71,57,0,0.49,OM,1696090137
161,blackmans bay,-43.0167,147.3167,13.74,76,100,3.06,AU,1696089999
162,belyy yar,53.6039,91.3903,9.94,93,40,2.0,RU,1696090212
163,ketchikan,55.3422,-131.6461,8.26,93,20,2.06,US,1696090212
164,clarkston heights-vineland,46.3874,-117.083,12.47,82,100,1.54,US,1696090213
165,malango,-2.9627,119.9001,18.82,99,39,0.74,ID,1696090074
166,hajjah,15.6943,43.6058,23.13,53,24,1.02,YE,1696090214
167,arno,60.1167,18.6333,14.88,63,35,6.5,SE,1696090214
168,puerto ayora,-0.7393,-90.3518,28.98,90,100,3.58,EC,1696090004
169,aykhal,66.0,111.5,2.26,99,100,0.89,RU,1696089999
170,rongelap,11.1635,166.8941,28.2,78,96,4.34,MH,1696090073
171,puerto san jose,13.9256,-90.8244,30.11,69,38,0.56,GT,1696090215
172,troitskoye,52.9821,84.6757,9.59,92,100,1.38,RU,1696090215
173,santa ana de yacuma,-13.75,-65.4333,35.64,42,99,0.45,BO,1696090216
174,stanley,54.868,-1.6985,13.07,93,40,2.57,GB,1696090005
175,kourou,5.1552,-52.6478,33.03,56,9,4.32,GF,1696090033
176,adrar,20.5022,-10.0711,37.26,9,51,6.96,MR,1696090217
177,fort morgan,40.2503,-103.8,22.68,77,26,0.0,US,1696090217
178,carnarvon,-24.8667,113.6333,19.04,73,0,8.27,AU,1696090100
179,zaragoza,41.6561,-0.8773,34.33,23,0,1.03,ES,1696090029
180,tsiombe,-25.3,45.4833,22.7,75,77,2.71,MG,1696090018
181,tazovsky,67.4667,78.7,-0.78,72,100,0.74,RU,1696090038
182,red hill,33.9996,-79.2581,24.95,62,27,4.43,US,1696090218
183,roma,43.2128,-75.4557,21.88,69,20,0.0,US,1696090061
184,vorgashor,67.5833,63.95,1.96,79,100,7.72,RU,1696090046
185,mala,-12.6581,-76.6308,20.33,79,100,2.87,PE,1696090219
186,mahdia,35.5047,11.0622,26.97,60,1,5.29,TN,1696090162
187,ma'an,26.9775,110.7211,24.24,79,97,2.65,CN,1696090220
188,petropavlovsk-kamchatsky,53.0452,158.6483,5.28,80,100,0.89,RU,1696090134
189,amga,60.8953,131.9608,-2.23,67,56,0.45,RU,1696090000
190,machico,32.7,-16.7667,28.73,71,20,7.72,PT,1696090221
191,yacuiba,-22.038,-63.6797,27.93,23,45,3.0,BO,1696090221
192,bodden town,19.2833,-81.25,32.77,72,23,2.24,KY,1696090222
193,brigantine,39.4101,-74.3646,17.24,96,100,4.12,US,1696089926
194,cabo san lucas,22.8909,-109.9124,33.12,57,0,3.6,MX,1696089863
195,atafu village,-8.5421,-172.5159,28.26,75,49,3.76,TK,1696090059
196,soure,-0.7167,-48.5233,31.17,57,22,5.23,BR,1696090223
197,mili,6.0815,171.735,26.81,82,100,4.79,MH,1696090223
198,bratsk,56.1325,101.6142,9.34,63,100,2.73,RU,1696090224
199,barpeta,26.3167,91.0,26.49,86,96,2.49,IN,1696090224
200,mossel bay,-34.1831,22.146,12.96,68,82,8.56,ZA,1696089899
201,shahrud,36.4182,54.9763,17.82,28,1,1.91,IR,1696090224
202,comayagua,14.45,-87.6333,29.33,64,75,2.07,HN,1696090225
203,sitka,57.0531,-135.33,8.94,87,100,3.6,US,1696090014
204,vila franca do campo,37.7167,-25.4333,22.16,99,100,2.74,PT,1696090095
205,dalbandin,28.8947,64.4101,23.65,11,0,3.44,PK,1696090225
206,selfoss,63.9331,-20.9971,9.47,75,100,5.83,IS,1696090226
207,okha,53.5739,142.9478,9.31,93,97,2.86,RU,1696090016
208,qarazhal,48.0078,70.7903,13.6,40,100,3.22,KZ,1696090227
209,sao gotardo,-19.3111,-46.0489,29.24,35,57,3.1,BR,1696090227
210,odda,60.0691,6.5457,13.21,99,100,3.16,NO,1696090227
211,gulu,2.7746,32.299,23.18,70,43,1.75,UG,1696090228
212,talnakh,69.4865,88.3972,-8.94,91,14,2.65,RU,1696090026
213,brenham,30.1669,-96.3977,32.12,60,40,2.57,US,1696090228
214,imeko,7.45,2.85,28.17,76,70,1.24,NG,1696090228
215,mirialguda,16.8667,79.5833,26.89,77,99,2.26,IN,1696090161
216,isangel,-19.55,169.2667,19.96,69,16,6.39,VU,1696090229
217,maun,-19.9833,23.4167,32.53,11,0,2.19,BW,1696090229
218,constantia,44.1833,28.65,22.61,70,0,5.35,RO,1696089838
219,iskateley,67.6803,53.1512,7.23,89,100,8.49,RU,1696090041
220,chandbali,20.7833,86.7667,26.08,88,100,3.13,IN,1696090230
221,xai-xai,-25.0519,33.6442,27.52,52,0,3.51,MZ,1696090093
222,nha trang,12.25,109.1833,27.0,90,75,2.31,VN,1696090231
223,tralee,52.2704,-9.7026,18.14,88,75,3.6,IE,1696090094
224,happy valley-goose bay,53.3168,-60.3315,18.17,40,99,3.46,CA,1696090101
225,hithadhoo,-0.6,73.0833,27.41,80,59,6.34,MV,1696090051
226,arteche,12.2645,125.4048,26.74,84,100,4.02,PH,1696090041
227,reggane,26.7158,0.1714,38.61,13,0,8.37,DZ,1696090075
228,ierapetra,35.01,25.7353,26.19,47,50,4.92,GR,1696090232
229,luderitz,-26.6481,15.1594,19.28,55,0,9.41,NA,1696090113
230,pangody,65.85,74.4859,0.69,75,100,4.04,RU,1696090232
231,altamont,42.2068,-121.7372,9.66,84,100,5.14,US,1696090233
232,tazacorte,28.629,-17.9293,27.54,80,20,3.09,ES,1696090033
233,saint john,45.2727,-66.0677,19.11,58,78,1.21,CA,1696090233
234,lompoc,34.6391,-120.4579,17.66,67,100,2.68,US,1696090085
235,upington,-28.4478,21.2561,26.39,8,0,6.83,ZA,1696090234
236,sarupathar,26.1984,93.8094,25.98,92,81,1.15,IN,1696090234
237,cole harbour,44.6724,-63.4751,17.74,90,98,0.89,CA,1696090053
238,olinda,-8.0089,-34.8553,28.85,65,75,7.2,BR,1696090235
239,port lincoln,-34.7333,135.8667,13.97,80,35,8.27,AU,1696090003
240,akureyri,65.6835,-18.0878,7.11,69,58,1.3,IS,1696090148
241,al majaridah,19.1236,41.9111,33.4,43,3,1.44,SA,1696090235
242,broken hill,-31.95,141.4333,21.2,13,29,6.54,AU,1696090105
243,kingston,17.997,-76.7936,34.58,63,20,3.6,JM,1696090020
244,bereket,39.2446,55.5154,21.1,23,0,3.98,TM,1696090021
245,jackson,42.4165,-122.8345,12.53,91,100,2.06,US,1696090236
246,tura,25.5198,90.2201,23.17,94,79,1.47,IN,1696090034
247,conception bay south,47.4999,-52.9981,16.85,78,5,1.02,CA,1696090237
248,antonio enes,-16.2325,39.9086,25.2,75,93,6.84,MZ,1696090237
249,sulya,12.5667,75.3833,23.32,98,76,1.21,IN,1696090238
250,safi,32.1667,-8.8333,34.03,16,35,7.56,MA,1696090238
251,praia da vitoria,38.7333,-27.0667,23.2,75,100,3.9,PT,1696090016
252,camana,-16.6228,-72.7111,20.64,74,65,4.22,PE,1696090238
253,arar,30.9753,41.0381,30.26,14,0,3.32,SA,1696090200
254,aguas formosas,-17.0822,-40.9358,27.84,54,95,3.31,BR,1696090239
255,castletown,53.0281,-9.0686,18.27,89,100,8.02,IE,1696090239
256,afaahiti,-17.75,-149.2833,21.93,85,56,9.18,PF,1696089998
257,lazaro cardenas,17.9583,-102.2,30.21,71,56,0.67,MX,1696090089
258,mount gambier,-37.8333,140.7667,18.88,49,100,6.75,AU,1696089907
259,bandarbeyla,9.4942,50.8122,26.41,84,6,11.7,SO,1696090136
260,paita,-5.0892,-81.1144,23.23,70,54,5.12,PE,1696090240
261,villamontes,-21.25,-63.5,29.65,21,58,3.41,BO,1696090037
262,belmonte,-15.8631,-38.8828,26.0,72,70,4.99,BR,1696090241
263,arawa,-6.2132,155.5367,24.56,92,100,1.19,PG,1696090241
264,isafjordur,66.0755,-23.124,8.02,66,40,3.09,IS,1696090011
265,anar darah,32.7587,61.654,21.03,17,0,4.85,AF,1696090242
266,lorengau,-2.0226,147.2712,26.83,83,100,2.17,PG,1696090121
267,yuzhno-kurilsk,44.0306,145.8556,16.32,81,100,4.09,RU,1696090076
268,tejen,37.3834,60.5054,22.46,24,0,3.86,TM,1696090245
269,polovinnoye,54.7914,65.9864,10.71,85,100,2.69,RU,1696090247
270,cefa,46.9167,21.7333,24.23,41,0,1.54,RO,1696090249
271,kandahar,31.0,65.75,17.94,18,0,2.2,AF,1696090153
272,flin flon,54.7682,-101.865,7.65,79,99,4.77,CA,1696090254
273,port alfred,-33.5906,26.891,13.99,89,100,4.92,ZA,1696090045
274,gustavsberg,59.3268,18.3898,15.14,76,2,6.88,SE,1696090259
275,inhambane,-23.865,35.3833,24.99,83,20,6.69,MZ,1696090261
276,santa vitoria,-18.8386,-50.1214,36.28,32,23,3.66,BR,1696090264
277,malabar,-33.9667,151.25,18.4,84,1,2.06,AU,1696090268
278,chervonohryhorivka,47.623,34.5389,22.05,34,6,3.21,UA,1696090270
279,broome,42.2506,-75.833,21.44,82,20,4.63,US,1696090271
280,tyukhtet,56.5389,89.3011,1.45,81,100,4.17,RU,1696090092
281,arraial do cabo,-22.9661,-42.0278,24.92,61,75,9.77,BR,1696089977
282,srivardhan,18.0333,73.0167,25.98,91,100,1.56,IN,1696090217
283,tolanaro,-25.0319,46.9987,22.51,87,57,5.33,MG,1696090060
284,porto novo,6.4965,2.6036,29.26,65,24,3.91,BJ,1696090272
285,mutsu,41.2894,141.2169,17.46,91,82,1.21,JP,1696090272
286,kavaratti,10.5669,72.642,27.74,82,82,8.48,IN,1696090099
287,pattaya,12.9333,100.8833,27.83,79,100,2.2,TH,1696090273
288,guiping,23.3925,110.0814,27.26,79,18,0.48,CN,1696090274
289,saipan,15.1355,145.701,26.39,89,0,2.06,MP,1696090084
290,avellaneda,-29.1176,-59.6583,23.44,43,40,4.53,AR,1696090274
291,ji'an,27.1172,114.9793,24.36,88,3,2.28,CN,1696090274
292,borrazopolis,-23.9411,-51.5875,32.18,35,24,3.01,BR,1696090275
293,tanabe,33.7333,135.3667,24.06,92,40,1.24,JP,1696090275
294,paranavai,-23.0731,-52.4653,34.07,33,52,3.56,BR,1696090275
295,singarayakonda,15.25,80.0333,29.67,66,58,1.96,IN,1696090276
296,zheleznodorozhnyy,55.7503,38.0042,19.23,58,71,3.13,RU,1696089985
297,biankouma,7.7391,-7.6138,28.72,67,98,1.09,CI,1696090276
298,rauma,61.1272,21.5113,13.02,81,68,6.65,FI,1696090277
299,sabang,5.8933,95.3214,27.89,75,28,1.42,ID,1696090277
300,hadibu,12.65,54.0333,27.41,82,100,0.66,YE,1696090041
301,anamosa,42.1083,-91.2852,28.95,55,31,4.21,US,1696090278
302,tianshui,34.5439,105.6897,15.24,74,100,2.08,CN,1696090278
303,port-vila,-17.7338,168.3219,19.78,73,75,4.63,VU,1696090278
304,eureka,40.8021,-124.1637,14.86,93,81,1.79,US,1696090278
305,kilju,40.9642,129.3278,11.97,68,53,3.05,KP,1696090279
306,kailua-kona,19.6406,-155.9956,25.33,80,20,2.68,US,1696090279
307,mbuji-mayi,-6.15,23.6,24.86,73,92,1.55,CD,1696090280
308,remire-montjoly,4.9167,-52.2667,33.02,55,40,3.6,GF,1696090042
309,vilyuchinsk,52.9306,158.4028,6.07,70,100,1.0,RU,1696090141
310,boende,-0.2167,20.8667,29.22,62,77,0.6,CD,1696090280
311,newman,37.3138,-121.0208,16.7,17,81,3.33,US,1696090019
312,robertsport,6.7533,-11.3686,27.98,77,68,5.37,LR,1696090281
313,mirabad,30.4362,61.8383,25.01,17,0,4.81,AF,1696090279
314,san victor arriba,19.4774,-70.5359,30.94,62,75,3.09,DO,1696090281
315,portland,45.5234,-122.6762,13.64,86,40,1.79,US,1696090059
316,awjilah,29.1081,21.2869,29.25,29,67,4.25,LY,1696090282
317,tual,-5.6667,132.75,26.12,84,100,5.72,ID,1696090139
318,kainantu,-6.2887,145.8655,14.5,92,94,0.94,PG,1696090282
319,agaro,7.85,36.65,17.84,94,72,1.17,ET,1696090283
320,nandu,22.8525,110.8233,25.77,86,5,1.32,CN,1696090283
321,sharm el-sheikh,27.8518,34.305,36.08,21,0,5.66,EG,1696090283
322,san juan,-31.5375,-68.5364,18.52,24,0,1.47,AR,1696089917
323,bashmakovo,53.2133,43.0342,17.93,58,84,2.41,RU,1696090284
324,sanctuary point,-35.1114,150.629,17.64,41,27,2.46,AU,1696090284
325,punta del este,-34.9667,-54.95,14.06,68,75,5.66,UY,1696090284
326,dzilam gonzalez,21.2833,-88.9333,29.48,69,100,1.22,MX,1696090285
327,gewane,10.1664,40.6453,34.82,23,3,3.22,ET,1696090285
328,siguatepeque,14.6,-87.8333,25.5,68,81,1.76,HN,1696090159
329,ceelbuur,4.685,46.6176,28.69,60,81,6.34,SO,1696090286
330,cascais,38.6979,-9.4215,35.28,48,0,3.13,PT,1696090286
331,qurayyat,31.3318,37.3428,29.44,27,0,6.63,SA,1696090286
332,prineville,44.2999,-120.8345,9.14,84,100,4.12,US,1696090287
333,belaya glina,46.07,40.86,20.45,34,12,4.65,RU,1696090287
334,vadso,70.0744,29.7487,7.09,93,100,1.03,NO,1696090288
335,lebu,-37.6167,-73.65,14.66,64,50,2.76,CL,1696089814
336,nuuk,64.1835,-51.7216,3.34,81,20,4.12,GL,1696090288
337,ylitornio,66.3089,23.6773,11.45,96,100,2.7,FI,1696090288
338,gaspe,48.8334,-64.4819,20.12,45,0,2.57,CA,1696090289
339,atherton,53.5237,-2.4935,13.16,95,100,0.89,GB,1696090289
340,q'vareli,41.9549,45.8172,17.75,71,13,2.09,GE,1696090289
341,sarangani,5.4033,125.4636,28.48,72,59,5.16,PH,1696090290
342,aligudarz,33.4006,49.6949,18.41,23,3,1.52,IR,1696090290
343,azul,-36.777,-59.8585,14.75,39,1,3.49,AR,1696090290
344,betio village,1.358,172.9211,27.02,69,72,1.91,KI,1696090291
345,coahuayana de hidalgo,18.7,-103.6583,31.57,64,76,0.54,MX,1696090038
346,ust'-ilimsk,58.0006,102.6619,5.24,94,68,2.24,RU,1696090291
347,harare,-17.8294,31.0539,23.97,42,98,3.95,ZW,1696090209
348,sauri,11.7266,6.7837,27.26,65,89,2.52,NG,1696090292
349,kruisfontein,-34.0033,24.7314,13.82,74,90,10.58,ZA,1696090292
350,imgarr,35.9206,14.3664,24.82,69,20,3.6,MT,1696090292
351,suva,-18.1416,178.4415,21.71,73,20,3.09,FJ,1696090075
352,nyurba,63.2842,118.3319,9.46,63,100,4.02,RU,1696090293
353,bayanhongor,46.7167,100.1167,0.58,44,20,1.49,MN,1696090293
354,olyokminsk,60.3736,120.4264,6.03,68,100,1.79,RU,1696090135
355,floro,61.5996,5.0328,11.98,87,100,7.72,NO,1696090160
356,itaituba,-4.2761,-55.9836,36.09,49,20,0.0,BR,1696089851
357,nadi,-17.8,177.4167,20.0,83,20,2.57,FJ,1696090294
358,gunnedah,-30.9833,150.25,16.95,48,35,0.6,AU,1696090295
359,barra de santo antonio,-9.4047,-35.5072,28.6,60,93,4.4,BR,1696090076
360,puerto santa,-8.9906,-78.6456,20.17,80,94,3.81,PE,1696090295
361,angaur state,6.906,134.13,28.27,81,100,7.14,PW,1696090105
362,bojnurd,37.4747,57.329,17.74,24,0,0.71,IR,1696090296
363,puerto maldonado,-12.6,-69.1833,28.22,61,75,1.54,PE,1696090296
364,santiago de cao,-7.9589,-79.2392,22.07,68,100,4.63,PE,1696090297
365,isoka,-10.1606,32.6335,28.35,24,19,3.12,ZM,1696090297
366,slavgorod,52.9978,78.6449,13.35,60,99,3.13,RU,1696090297
367,las vegas,36.175,-115.1372,23.48,35,0,12.07,US,1696090070
368,swakopmund,-22.6833,14.5333,16.07,71,53,6.19,NA,1696090298
369,kani keli,-12.9536,45.1033,26.59,71,12,2.8,YT,1696089984
370,loikaw,19.6742,97.2094,19.06,99,94,1.33,MM,1696090298
371,xilin hot,43.9667,116.0333,6.35,51,51,1.94,CN,1696090298
372,ornskoldsvik,63.2909,18.7153,12.53,82,75,6.17,SE,1696090299
373,kismayo,-0.3582,42.5454,26.22,83,26,6.34,SO,1696090299
374,port douglas,-16.4833,145.4667,22.34,77,31,4.02,AU,1696090299
375,melfort,52.8667,-104.6177,9.07,81,100,2.06,CA,1696090300
376,dunedin,-45.8742,170.5036,6.56,75,100,3.68,NZ,1696090140
377,christchurch,-43.5333,172.6333,3.56,91,63,2.06,NZ,1696089923
378,sattahip,12.6664,100.9007,26.05,94,20,0.0,TH,1696090300
379,sisimiut,66.9395,-53.6735,1.9,64,19,2.16,GL,1696090152
380,surgut,61.25,73.4167,1.06,92,0,0.0,RU,1696090301
381,kristiansund,63.1115,7.732,12.36,87,75,7.2,NO,1696090301
382,la peca,-5.6111,-78.435,25.04,69,99,2.66,PE,1696090301
383,chake chake,-5.2459,39.7666,25.08,82,8,5.06,TZ,1696090302
384,zeya,53.75,127.2667,6.61,77,100,1.79,RU,1696090302
385,fortuna,40.5982,-124.1573,13.29,93,95,0.45,US,1696090302
386,castillos,-34.1667,-53.8333,15.27,53,7,3.76,UY,1696090161
387,mogadishu,2.0371,45.3438,26.14,85,16,6.1,SO,1696090303
388,yokadouma,3.5167,15.05,24.45,94,91,1.28,CM,1696090303
389,qarchi gak,37.04,66.7889,21.86,19,0,2.7,AF,1696090303
390,aitape,-3.1374,142.3475,25.76,90,39,3.59,PG,1696090304
391,tofol,5.3248,163.0078,26.95,78,100,1.46,FM,1696090007
392,tangalle,6.024,80.7911,25.09,90,84,3.0,LK,1696090094
393,anzio,41.4853,12.6179,27.29,70,0,2.2,IT,1696090304
394,beatrice,40.2681,-96.747,30.1,45,0,9.77,US,1696090305
395,la ronge,55.1001,-105.2842,7.87,82,95,1.85,CA,1696090118
396,kafir qala,34.6667,61.0667,20.37,21,0,5.36,AF,1696090305
397,tajerouine,35.8917,8.5528,25.97,25,0,3.15,TN,1696090306
398,westerland,54.9079,8.3033,16.01,67,20,6.69,DE,1696090306
399,kosice,48.6667,21.3333,18.97,83,100,3.6,SK,1696090306
400,lihue,21.9789,-159.3672,24.77,89,20,4.12,US,1696090103
401,san pedro,14.35,121.0167,28.53,90,100,2.24,PH,1696090307
402,sergeyevka,53.88,67.4158,9.28,86,83,1.04,KZ,1696090307
403,saint-philippe,-21.3585,55.7679,23.77,83,57,5.88,RE,1696090023
404,alofi,-19.0595,-169.9187,23.55,85,96,5.45,NU,1696090125
405,berekum,7.4534,-2.584,28.38,76,64,1.35,GH,1696090308
406,gitega,-3.5,29.95,25.42,36,81,1.92,BI,1696090308
407,kita,13.0349,-9.4895,34.53,40,60,3.06,ML,1696090308
408,thunder bay,48.4001,-89.3168,14.78,94,100,2.4,CA,1696090056
409,didim,37.3756,27.2678,24.78,61,1,5.37,TR,1696090309
410,kenora,49.8167,-94.4337,15.54,94,20,2.57,CA,1696090309
411,villa de arista,22.65,-100.8333,22.45,66,91,1.4,MX,1696090309
412,maintirano,-18.0667,44.0167,26.0,69,12,3.02,MG,1696090309
413,crescent city,41.756,-124.2018,13.84,94,0,7.2,US,1696090310
414,haiku-pauwela,20.9219,-156.3051,25.02,78,20,8.23,US,1696090086
415,la passe,45.5549,-0.8967,27.13,57,5,2.12,FR,1696090068
416,estreito,-5.7833,-43.25,39.87,17,10,2.78,BR,1696090310
417,margate,51.3813,1.3862,18.26,67,93,2.24,GB,1696090049
418,zhengjiatun,43.5064,123.5064,11.06,64,39,3.6,CN,1696090311
419,novato,38.1074,-122.5697,16.75,85,100,2.24,US,1696090292
420,boyolangu,-8.1181,111.8935,22.07,94,56,0.87,ID,1696090312
421,la libertad,-2.2333,-80.9,27.81,69,40,4.12,EC,1696090312
422,keflavik,64.0049,-22.5624,10.24,81,100,11.83,IS,1696090011
423,enshi,30.3,109.4833,21.46,98,100,1.1,CN,1696090313
424,napili-honokowai,20.9708,-156.6705,26.51,89,87,7.0,US,1696090313
425,cangas de onis,43.3284,-5.0718,27.11,50,19,1.76,ES,1696090313
426,bria,6.5423,21.9863,25.4,88,56,1.39,CF,1696090313
427,letlhakeng,-24.0944,25.0298,30.44,10,0,3.31,BW,1696090314
428,laela,-8.5667,32.05,26.21,28,3,1.98,TZ,1696090314
429,ola,59.5833,151.2833,6.9,69,100,3.38,RU,1696090125
430,xam nua,20.4197,104.0439,19.42,99,95,0.8,LA,1696090314
431,cambria,35.5641,-121.0808,18.47,100,84,0.89,US,1696090315
432,labuan,5.2767,115.2417,27.91,78,88,7.74,MY,1696090315
433,dakhla,23.6848,-15.958,24.01,78,55,8.23,EH,1696090315
434,juegang,32.3174,121.1855,21.06,85,38,2.98,CN,1696090315
435,enewetak,11.3474,162.3373,28.9,77,85,5.38,MH,1696090060
436,kigoma,-4.8769,29.6267,27.73,59,0,1.9,TZ,1696090316
437,saudarkrokur,65.7461,-19.6394,7.77,64,76,1.68,IS,1696090316
438,yinchuan,38.4681,106.2731,17.71,40,40,1.89,CN,1696090317
439,hobyo,5.3505,48.5268,26.32,83,8,9.04,SO,1696090317
440,dongola,19.1667,30.4833,42.02,9,65,2.81,SD,1696090039
441,darwin,-12.4611,130.8418,26.99,74,75,1.54,AU,1696090188
442,kapuskasing,49.4169,-82.4331,17.9,72,99,2.83,CA,1696090044
443,kangding,30.0513,101.9603,14.15,97,95,1.65,CN,1696090157
444,estevan,49.1334,-102.9842,13.11,58,100,5.14,CA,1696090317
445,lata,40.1629,-8.3327,35.51,44,4,1.05,PT,1696090318
446,tuy hoa,13.0833,109.3,25.83,89,98,2.18,VN,1696090319
447,ambagarh chauki,20.7833,80.7167,24.81,90,89,1.99,IN,1696090319
448,prince rupert,54.3161,-130.3201,9.83,95,40,2.06,CA,1696090298
449,xining,36.6167,101.7667,12.71,75,91,0.35,CN,1696090320
450,brookings,44.3114,-96.7984,20.81,97,20,6.17,US,1696090067
451,vorkuta,67.5,64.0,2.12,78,100,7.59,RU,1696090320
452,comodoro rivadavia,-45.8667,-67.5,16.61,33,100,8.9,AR,1696090320
453,flekkefjord,58.2971,6.6607,13.3,78,100,5.61,NO,1696090321
454,vernon,50.2581,-119.2691,11.27,84,92,0.45,CA,1696090055
455,flying fish cove,-10.4217,105.6791,23.82,94,75,4.12,CX,1696090102
456,viedma,-40.8135,-62.9967,15.7,24,0,1.4,AR,1696090321
457,sucre,-19.0333,-65.2627,17.57,53,81,4.48,BO,1696090322
458,al hayy,32.1735,46.0433,33.8,16,0,7.88,IQ,1696090322
459,kenai,60.5544,-151.2583,6.75,90,75,6.69,US,1696090156
460,novyy turtkul',41.55,61.0167,17.95,36,45,0.82,UZ,1696090323
461,markha,62.1053,129.7269,0.51,68,0,2.0,RU,1696090323
462,weligama,5.9667,80.4167,25.3,89,100,2.15,LK,1696090323
463,crane,31.3974,-102.3501,26.52,53,89,10.36,US,1696090042
464,freetown,8.484,-13.2299,29.84,74,75,6.69,SL,1696090324
465,kuraymah,18.55,31.85,41.01,8,40,4.14,SD,1696090324
466,tangjiazhuang,39.7333,118.45,14.74,47,0,2.38,CN,1696090325
467,paoua,7.2427,16.4406,25.23,87,97,1.62,CF,1696090325
468,dwarka,22.2394,68.9678,27.66,77,2,4.71,IN,1696090325
469,tubarjal,30.4999,38.216,30.87,17,0,3.41,SA,1696090325
470,segovia,41.1667,-4.0,28.02,20,56,1.36,ES,1696090326
471,tarko-sale,64.9225,77.785,-0.56,70,81,3.58,RU,1696090326
472,dzhalagash,45.0833,64.6667,18.08,36,43,1.3,KZ,1696090326
473,nedroma,35.0136,-1.748,26.64,51,6,3.4,DZ,1696090327
474,carutapera,-1.195,-46.02,31.65,55,32,4.65,BR,1696090027
475,kerikeri,-35.2268,173.9474,6.62,89,4,2.87,NZ,1696090147
476,amarante do maranhao,-5.5667,-46.7422,39.36,22,78,2.81,BR,1696090327
477,mammoth lakes,37.6485,-118.9721,6.81,70,40,4.12,US,1696090328
478,wynyard,-41.0,145.7167,13.23,71,86,3.24,AU,1696090100
479,piriapolis,-34.8682,-55.2744,14.09,66,75,5.66,UY,1696090328
480,edmundston,47.3737,-68.3251,16.63,72,0,1.54,CA,1696090329
481,guerrero negro,27.9769,-114.0611,20.5,68,33,5.25,MX,1696090329
482,vila velha,-20.3297,-40.2925,21.97,88,75,1.03,BR,1696090329
483,surab,28.4914,66.2585,15.46,17,0,3.25,PK,1696090329
484,el nido,11.1858,119.3956,27.53,83,100,4.94,PH,1696090330
485,prakhon chai,14.6059,103.1208,24.67,90,100,2.16,TH,1696090330
486,namibe,-15.1961,12.1522,19.91,77,30,4.89,AO,1696090080
487,naze,28.3667,129.4833,25.21,86,39,2.58,JP,1696090331
488,porto velho,-8.7619,-63.9039,31.03,66,40,1.54,BR,1696090331
489,changji,44.0167,87.3167,17.44,51,0,8.0,CN,1696090331
490,eirunepe,-6.6603,-69.8736,35.09,45,90,1.53,BR,1696090131
491,piton saint-leu,-21.2196,55.3151,22.06,83,0,2.57,RE,1696090332
492,imam qasim,32.298,44.6828,32.03,19,0,3.15,IQ,1696090332
493,krasnyy chikoy,50.3643,108.7512,4.54,86,32,1.2,RU,1696090333
494,dul'durga,50.6761,113.5931,5.61,67,53,1.53,RU,1696090333
495,mendoza,-32.8908,-68.8272,19.74,15,0,4.63,AR,1696090286
496,kingaroy,-26.5333,151.8333,10.66,96,0,1.31,AU,1696090333
497,port augusta,-32.5,137.7667,21.25,19,39,3.13,AU,1696090133
498,ardestan,33.3761,52.3694,22.8,20,1,3.32,IR,1696090334
499,al bawiti,28.3492,28.8659,31.44,29,98,4.97,EG,1696090334
500,erenhot,43.6475,111.9767,11.07,27,4,2.11,CN,1696090335
501,yanchep,-31.55,115.6833,15.53,81,52,1.47,AU,1696090335
502,hastings,50.8552,0.5729,18.27,25,60,4.42,GB,1696089822
503,north madison,38.7678,-85.3966,25.92,65,0,2.06,US,1696090335
504,paradip garh,20.3167,86.6167,27.16,85,100,3.41,IN,1696090336
505,coquimbo,-29.9533,-71.3436,15.82,69,42,2.75,CL,1696090132
506,obudu,6.6674,9.1716,27.34,80,100,1.39,NG,1696090336
507,horta,38.5333,-28.6333,23.34,66,20,4.12,PT,1696090020
508,bantilan,14.7519,121.6656,27.84,84,100,2.0,PH,1696090337
509,kangasniemi,61.9936,26.6479,13.01,87,8,4.72,FI,1696090337
510,bonthe,7.5264,-12.505,29.16,70,77,4.41,SL,1696090337
511,papao,-17.75,-149.55,22.82,84,27,10.49,PF,1696090039
512,ugoofaaru,5.6667,73.0,27.67,80,99,5.44,MV,1696090338
513,rio hato,8.3833,-80.1667,30.75,71,20,3.09,PA,1696090338
514,fang,19.9169,99.2145,22.6,99,100,0.31,TH,1696090338
515,bahau,2.8079,102.4049,24.17,94,88,2.27,MY,1696090339
516,fort bragg,35.139,-79.006,22.68,76,100,3.09,US,1696090050
517,shchigry,51.8755,36.9043,16.9,40,1,1.44,RU,1696090339
518,baltasi,56.3462,50.2062,12.05,66,84,2.68,RU,1696090339
519,novyy urgal,51.0736,132.5642,6.11,92,96,1.45,RU,1696090340
520,bargaal,11.2864,51.0773,27.21,80,73,2.1,SO,1696090340
521,belomorsk,64.5232,34.7668,14.16,94,100,4.85,RU,1696090340
522,as samawah,31.332,45.2944,34.28,18,0,7.04,IQ,1696090341
523,missoula,47.0166,-113.8009,4.5,86,100,1.41,US,1696090341
524,barah,13.7,30.3667,37.19,23,45,0.78,SD,1696090341
525,bol,13.4586,14.7147,28.97,70,99,0.77,TD,1696090342
526,khost,33.3395,69.9204,22.26,33,0,0.8,AF,1696090342
527,arenas de san pedro,40.2104,-5.0869,30.77,25,19,2.28,ES,1696090342
528,villazon,-22.0866,-65.5942,21.0,20,58,4.9,BO,1696090342
529,shush,32.1942,48.2436,34.27,12,0,9.74,IR,1696090343
530,timimoun,29.2639,0.231,34.27,17,0,9.41,DZ,1696090029
531,carolina beach,34.0352,-77.8936,25.03,76,76,0.89,US,1696090343
532,antsiranana,-12.2787,49.2917,23.84,80,1,6.83,MG,1696090112
533,diamantino,-14.4086,-56.4461,38.63,32,26,0.65,BR,1696090344
534,uige,-7.6087,15.0613,23.57,81,99,1.95,AO,1696090154
535,gaiman,-43.2897,-65.4929,19.3,17,5,9.49,AR,1696090344
536,masterton,-40.9597,175.6575,4.94,92,13,1.04,NZ,1696090197
537,cabinda,-5.55,12.2,25.36,77,77,4.23,AO,1696090345
538,uvira,-3.4067,29.1458,27.97,58,33,1.76,CD,1696090345
539,nema,57.5067,50.5011,10.1,74,81,2.9,RU,1696090345
540,tobelo,1.7284,128.0095,25.95,83,81,2.17,ID,1696090346
541,nuku'alofa,-21.1333,-175.2,20.19,68,75,1.54,TO,1696090346
542,acarau,-2.8856,-40.12,32.24,51,18,10.25,BR,1696090092
543,acapulco de juarez,16.8634,-99.8901,29.9,70,100,3.6,MX,1696090098
544,chasong,41.4608,126.6414,8.71,88,80,0.47,KP,1696090347
545,stephenville,32.2207,-98.2023,30.43,55,0,4.63,US,1696090347
546,longgang,37.6508,120.3286,20.75,51,0,4.48,CN,1696090347
547,catriel,-37.8791,-67.7956,18.74,23,0,9.79,AR,1696090348
548,midvagur,62.0511,-7.1939,10.46,76,99,1.03,FO,1696090348
549,santa cruz,-17.8,-63.1667,29.99,25,99,2.8,BO,1696090348
550,grand-fort-philippe,50.9996,2.1078,20.06,62,86,4.07,FR,1696090348
551,zahedan,29.4963,60.8629,21.95,16,0,4.12,IR,1696090349
552,inirida,3.8653,-67.9239,35.14,51,95,1.05,CO,1696090028
553,balaklava,44.5,33.6,20.21,57,45,1.83,UA,1696090349
554,ed damer,17.5928,33.9592,40.07,9,28,4.08,SD,1696090349
555,vershino-darasunskiy,52.35,115.5167,5.23,67,48,1.19,RU,1696090350
556,inarajan village,13.2736,144.7484,27.54,96,93,2.64,GU,1696090350
557,metlili chaamba,32.2667,3.6333,30.52,20,0,2.57,DZ,1696090350
558,borogontsy,62.6683,131.1683,-0.4,51,28,1.34,RU,1696090351
559,trujillo,-8.116,-79.03,21.98,68,98,4.63,PE,1696090228
560,keren,15.7778,38.4581,26.04,28,2,2.76,ER,1696090351
561,pont rouge,48.8833,-72.0825,17.34,62,86,2.1,CA,1696090029
562,mozarlandia,-14.7447,-50.5706,36.19,33,89,3.19,BR,1696090352
563,riohacha,11.5444,-72.9072,31.53,64,100,3.56,CO,1696090352
564,yeniseysk,58.4497,92.1703,2.75,97,100,4.92,RU,1696090352
565,balqash,46.8481,74.995,15.15,58,95,0.84,KZ,1696090352
566,nishinoomote,30.7333,131.0,26.55,73,0,7.05,JP,1696090141
567,kuusamo,65.9667,29.1833,11.02,100,100,0.0,FI,1696090160
568,ad darb,17.7229,42.2526,32.11,61,6,2.53,SA,1696090353
569,rayevskiy,54.0658,54.9468,11.0,80,31,1.11,RU,1696090353
